ID,OUTPUT,DURATION,INPUT 1 SYMBOL,INPUT 1 AMOUNT,INPUT 2 SYMBOL,INPUT 2 AMOUNT,POWER COST,XP PER OUTPUT,COST SYMBOL,COST AMOUNT,EVENT,PRODUCTION PER DAY,OUTPUT CHANGE,DURATION CHANGE,PRODUCTION CHANGE,INPUT 1 CONSUMPTION PER DAY,INPUT 1 PRODUCTION PER DAY AT SAME VALUE,INPUT 2 CONSUMPTION PER DAY,INPUT 2 PRODUCTION PER DAY AT SAME VALUE,OUTPUT PER BATTERY,XP PER DAY,XP PER BATTERY
MUD_1,1,0:00:10,EARTH,3,,,,1,EARTH,1,,,0,0,0%,25920,"28,800.00",,,,"8,640.00",
MUD_2,2,0:00:10,EARTH,6,,,,1,MUD,3,,,1,0:00:00,100%,"51,840.00","57,600.00",,,,"17,280.00",
MUD_3,4,0:00:14,EARTH,12,,,,1,MUD,6,,,2,0:00:04,47.22%,"76,320.00","86,400.00",,,,"25,440.00",
MUD_4,14,0:00:37,EARTH,42,,,,1,CLAY,2,,,10,0:00:23,30.19%,"99,360.00","129,600.00",,,,"33,120.00",7
MUD_5,28,0:01:00,EARTH,84,,,,1,SAND,2,,,14,0:00:23,21.74%,"120,960.00","216,000.00",,,,"40,320.00",7
MUD_6,65,0:02:00,EARTH,195,,,,1,SAND,4,,,37,0:01:00,16.07%,"140,400.00","264,000.00",,,,"46,800.00",7
MUD_7,185,0:05:00,EARTH,555,,,,1,SAND,6,,,120,0:03:00,13.85%,"159,840.00","264,000.00",,,,"53,280.00",185
MUD_8,412,0:10:00,EARTH,"1,236.00",,,,1,SAND,20,,,227,0:05:00,11.26%,"177,840.00","360,000.00",,,,"59,280.00",7
MUD_9,903,0:20:00,EARTH,"2,709.00",,,,1,SAND,35,,,491,0:09:59,9.72%,"195,120.00","360,000.00",,,,"65,040.00",7
MUD_10,"1,470",0:30:00,EARTH,"4,410.00",,,,1,SAND,50,,,567,0:10:00,8.49%,"211,680.00","360,000.00",,,,"70,560.00",7
MUD_11,"2,107",0:40:00,EARTH,"6,321.00",,,,1,COPPER,2,,,637,0:10:00,7.48%,"227,520.00","360,000.00",,,,"75,840.00",7
MUD_12,"2,527",0:44:59,EARTH,"7,581.00",,,,1,COPPER,3,,,420,0:04:59,6.65%,"242,640.00","360,000.00",,,,"80,880.00",7
MUD_13,"2,975",0:50:00,EARTH,"8,925.00",,,,1,COPPER,5,,,448,0:05:01,5.93%,"257,040.00","360,000.00",,,,"85,680.00",7
MUD_14,"3,384",0:54:00,EARTH,"10,152.00",,,,1,COPPER,8,,,409,0:04:00,5.32%,"270,720.00","360,000.00",,,,"90,240.00",7
MUD_15,"3,743",0:57:00,EARTH,"11,229.00",,,,1,COPPER,12,,,359,0:03:00,4.79%,"283,680.00","360,000.00",,,,"94,560.00",7
MUD_16,"4,110",1:00:00,EARTH,"12,330.00",,,,1,COPPER,16,,,367,0:03:00,4.31%,"295,920.00","360,000.00",,,,"98,640.00",7
MUD_17,"4,412",1:02:00,EARTH,"13,236.00",,,,1,COPPER,21,,,302,0:02:00,3.89%,"307,440.00","360,000.00",,,,"102,480.00",7
MUD_18,"4,714",1:04:00,EARTH,"14,142.00",,,,1,COPPER,26,,,302,0:02:00,3.50%,"318,195.00","360,000.00",,,,"106,065.00",7
MUD_19,"5,016",1:06:00,EARTH,"15,048.00",,,,1,COPPER,32,,,302,0:02:00,3.18%,"328,320.00","360,000.00",,,,"109,440.00",7
MUD_20,"5,315",1:08:00,EARTH,"15,945.00",,,,1,COPPER,39,,,299,0:02:00,2.85%,"337,680.00","360,000.00",,,,"112,560.00",7
MUD_21,"5,611",1:10:00,EARTH,"16,833.00",,,,1,COPPER,47,,,296,0:02:00,2.56%,"346,320.00","360,000.00",,,,"115,440.00",7
MUD_22,"5,910",1:12:00,EARTH,"17,730.00",,,,1,COPPER,55,,,299,0:02:00,2.39%,"354,600.00","360,000.00",,,,"118,200.00",7
MUD_23,"6,210",1:14:00,EARTH,"18,630.00",,,,1,COPPER,64,,,300,0:02:00,2.23%,"362,520.00","360,000.00",,,,"120,840.00",7
MUD_24,"6,511",1:16:00,EARTH,"19,533.00",,,,1,COPPER,75,,,301,0:02:00,2.09%,"370,080.00","360,000.00",,,,"123,360.00",7
MUD_25,"6,812",1:18:00,EARTH,"20,436.00",,,,1,STEEL,17,,,301,0:02:00,1.95%,"377,280.00","360,000.00",,,,"125,760.00",7
MUD_26,"7,116",1:20:00,EARTH,"21,348.00",,,,1,STEEL,20,,,304,0:02:00,1.85%,"384,264.00","360,000.00",,,,"128,088.00",7
MUD_27,"7,422",1:22:00,EARTH,"22,266.00",,,,1,STEEL,23,,,306,0:02:00,1.76%,"391,032.00","360,000.00",,,,"130,344.00",7
MUD_28,"7,730",1:23:59,EARTH,"23,190.00",,,,1,STEEL,26,,,308,0:02:00,1.68%,"397,584.00","360,000.00",,,,"132,528.00",7
MUD_29,"8,042",1:26:00,EARTH,"24,126.00",,,,1,STEEL,30,,,312,0:02:00,1.61%,"403,992.00","360,000.00",,,,"134,664.00",7
MUD_30,"8,357",1:28:00,EARTH,"25,071.00",,,,1,STEEL,34,,,315,0:02:00,1.55%,"410,256.00","360,000.00",,,,"136,752.00",7
MUD_31,"8,675",1:30:00,EARTH,"26,025.00",,,,1,STEEL,39,,,318,0:02:00,1.49%,"416,376.00","360,000.00",,,,"138,792.00",7
MUD_32,"8,970",1:31:45,EARTH,"26,910.00",,,,1,STEEL,44,,,295,0:01:45,1.44%,"422,352.00","360,000.00",,,,"140,784.00",7
MUD_33,"9,268",1:33:30,EARTH,"27,804.00",,,,1,STEEL,50,,,298,0:01:45,1.38%,"428,184.00","360,000.00",,,,"142,728.00",7
MUD_34,"9,566",1:35:15,EARTH,"28,698.00",,,,1,STEEL,56,,,298,0:01:44,1.33%,"433,872.00","360,000.00",,,,"144,624.00",7
MUD_35,"9,866",1:37:00,EARTH,"29,598.00",,,,1,STEEL,64,,,300,0:01:45,1.28%,"439,416.00","360,000.00",,,,"146,472.00",7
MUD_36,"10,168",1:38:45,EARTH,"30,504.00",,,,1,STEEL,72,,,302,0:01:45,1.23%,"444,816.00","360,000.00",,,,"148,272.00",7
MUD_37,"10,471",1:40:30,EARTH,"31,413.00",,,,1,STEEL,81,,,303,0:01:45,1.18%,"450,072.00","360,000.00",,,,"150,024.00",7
MUD_38,"10,748",1:42:00,EARTH,"32,244.00",,,,1,STEEL,91,,,277,0:01:30,1.14%,"455,184.00","360,000.00",,,,"151,728.00",7
MUD_39,"11,026",1:43:30,EARTH,"33,078.00",,,,1,SCREWS,34,,,278,0:01:30,1.11%,"460,224.00","360,000.00",,,,"153,408.00",7
MUD_40,"11,306",1:45:00,EARTH,"33,918.00",,,,1,SCREWS,39,,,280,0:01:30,1.08%,"465,192.00","360,000.00",,,,"155,064.00",7
MUD_41,"11,588",1:46:29,EARTH,"34,764.00",,,,1,SCREWS,43,,,282,0:01:30,1.05%,"470,088.00","360,000.00",,,,"156,696.00",7
MUD_42,"11,872",1:48:00,EARTH,"35,616.00",,,,1,SCREWS,49,,,284,0:01:30,1.03%,"474,912.00","360,000.00",,,,"158,304.00",7
MUD_43,"12,159",1:49:30,EARTH,"36,477.00",,,,1,SCREWS,55,,,287,0:01:31,1%,"479,664.00","360,000.00",,,,"159,888.00",7
MUD_44,"12,444",1:50:59,EARTH,"37,332.00",,,,1,SCREWS,62,,,285,0:01:29,0.98%,"484,344.00","360,000.00",,,,"161,448.00",7
MUD_45,"12,733",1:52:30,EARTH,"38,199.00",,,,1,SCREWS,69,,,289,0:01:30,0.95%,"488,952.00","360,000.00",,,,"162,984.00",7
MUD_46,"13,023",1:54:00,EARTH,"39,069.00",,,,1,SCREWS,78,,,290,0:01:30,0.93%,"493,488.00","360,000.00",,,,"164,496.00",7
MUD_47,"13,314",1:55:30,EARTH,"39,942.00",,,,1,SCREWS,87,,,291,0:01:30,0.90%,"497,952.00","360,000.00",,,,"165,984.00",7
MUD_48,"13,605",1:57:00,EARTH,"40,815.00",,,,1,SCREWS,100,,,291,0:01:30,0.88%,"502,344.00","360,000.00",,,,"167,448.00",7
MUD_49,"13,897",1:58:30,EARTH,"41,691.00",,,,1,SCREWS,120,,,292,0:01:30,0.85%,"506,624.81","360,000.00",,,,"168,874.94",7
MUD_50,"14,192",2:00:00,EARTH,"42,576.00",,,,1,SCREWS,150,,,295,0:01:30,0.85%,"510,912.00","360,000.00",,,,"170,304.00",7
,,,,,,,,,,,,,,,,,,,,,,
CLAY_1,1,0:00:30,MUD,10,,,,25,EARTH,1,,,0,0:00:00,0%,"28,800.00","8,640.00",,,,"72,000.00",
CLAY_2,2,0:00:30,MUD,20,,,,25,CLAY,1,,,1,0:00:00,100%,"57,600.00","33,120.00",,,,"144,000.00",
CLAY_3,5,0:00:53,MUD,50,,,,25,SAND,1,,,3,0:00:23,41.67%,"81,600.00","40,320.00",,,,"204,000.00",31
CLAY_4,10,0:01:26,MUD,100,,,,25,SAND,6,,,5,0:00:33,23.53%,"100,800.00","53,280.00",,,,"252,000.00",31
CLAY_5,40,0:05:00,MUD,400,,,,25,SAND,9,,,30,0:03:34,14.29%,"115,200.00","59,280.00",,,,"288,000.00",31
CLAY_6,100,0:11:13,MUD,"1,000.00",,,,25,SAND,13,,,60,0:06:13,11.46%,"128,400.00","59,280.00",,,,"321,000.00",31
CLAY_7,200,0:20:31,MUD,"2,000.00",,,,25,SAND,19,,,100,0:09:18,9.35%,"140,400.00","59,280.00",,,,"351,000.00",31
CLAY_8,315,0:30:00,MUD,"3,150.00",,,,25,SAND,28,,,115,0:09:29,7.69%,"151,200.00","65,040.00",,,,"378,000.00",31
CLAY_9,448,0:40:00,MUD,"4,480.00",,,,25,COPPER,1,,,133,0:10:00,6.67%,"161,280.00","65,040.00",,,,"403,200.00",31
CLAY_10,652,0:55:01,MUD,"6,520.00",,,,25,COPPER,2,,,204,0:15:01,5.80%,"170,640.00","75,840.00",,,,"426,600.00",31
CLAY_11,810,1:05:04,MUD,"8,100.00",,,,25,COPPER,3,,,158,0:10:02,5.06%,"179,280.00","80,880.00",,,,"448,200.00",31
CLAY_12,975,1:15:00,MUD,"9,750.00",,,,25,COPPER,5,,,165,0:09:56,4.42%,"187,200.00","85,680.00",,,,"468,000.00",31
CLAY_13,"1,148",1:25:02,MUD,"11,480.00",,,,25,COPPER,9,,,173,0:10:02,3.85%,"194,400.00","94,560.00",,,,"486,000.00",31
CLAY_14,"1,326",1:34:56,MUD,"13,260.00",,,,25,COPPER,14,,,178,0:09:54,3.46%,"201,120.00","98,640.00",,,,"502,800.00",31
CLAY_15,"1,512",1:45:00,MUD,"15,120.00",,,,25,COPPER,19,,,186,0:10:04,3.10%,"207,360.00","102,480.00",,,,"518,400.00",31
CLAY_16,"1,702",1:55:00,MUD,"17,020.00",,,,25,COPPER,26,,,190,0:10:00,2.78%,"213,120.00","106,065.00",,,,"532,800.00",31
CLAY_17,"1,880",2:03:57,MUD,"18,800.00",,,,25,COPPER,33,,,178,0:08:57,2.48%,"218,400.00","109,440.00",,,,"546,000.00",31
CLAY_18,"2,053",2:12:27,MUD,"20,530.00",,,,25,COPPER,42,,,173,0:08:30,2.20%,"223,200.00","115,440.00",,,,"558,000.00",31
CLAY_19,"2,207",2:19:32,MUD,"22,070.00",,,,25,COPPER,52,,,154,0:07:05,2.04%,"227,760.00","118,200.00",,,,"569,400.00",31
CLAY_20,"2,353",2:26:00,MUD,"23,530.00",,,,25,STEEL,13,,,146,0:06:28,1.90%,"232,080.00","120,840.00",,,,"580,200.00",31
CLAY_21,"2,510",2:33:03,MUD,"25,100.00",,,,25,STEEL,15,,,157,0:07:03,1.76%,"236,160.00","123,360.00",,,,"590,400.00",31
CLAY_22,"2,660",2:39:36,MUD,"26,600.00",,,,25,STEEL,19,,,150,0:06:33,1.63%,"240,000.00","128,088.00",,,,"600,000.00",31
CLAY_23,"2,800",2:45:31,MUD,"28,000.00",,,,25,STEEL,22,,,140,0:05:55,1.50%,"243,600.00","130,344.00",,,,"609,000.00",31
CLAY_24,"2,940",2:51:21,MUD,"29,400.00",,,,25,STEEL,27,,,140,0:05:50,1.43%,"247,080.00","132,528.00",,,,"617,700.00",31
CLAY_25,"3,075",2:56:49,MUD,"30,750.00",,,,25,STEEL,32,,,135,0:05:28,1.36%,"250,440.00","136,752.00",,,,"626,100.00",31
CLAY_26,"3,205",3:01:56,MUD,"32,050.00",,,,25,STEEL,37,,,130,0:05:07,1.29%,"253,680.00","138,792.00",,,,"634,200.00",31
CLAY_27,"3,335",3:07:01,MUD,"33,350.00",,,,25,STEEL,44,,,130,0:05:05,1.23%,"256,800.00","140,784.00",,,,"642,000.00",31
CLAY_28,"3,460",3:11:47,MUD,"34,600.00",,,,25,STEEL,52,,,125,0:04:46,1.17%,"259,800.00","142,728.00",,,,"649,500.00",31
CLAY_29,"3,585",3:16:32,MUD,"35,850.00",,,,25,STEEL,61,,,125,0:04:45,1.11%,"262,680.00","146,472.00",,,,"656,700.00",31
CLAY_30,"3,705",3:21:00,MUD,"37,050.00",,,,25,STEEL,71,,,120,0:04:28,1.05%,"265,440.00","148,272.00",,,,"663,600.00",31
CLAY_31,"3,820",3:25:12,MUD,"38,200.00",,,,25,STEEL,83,,,115,0:04:12,0.99%,"268,080.00","150,024.00",,,,"670,200.00",31
CLAY_32,"3,935",3:29:24,MUD,"39,350.00",,,,25,STEEL,98,,,115,0:04:13,0.94%,"270,600.00","153,408.00",,,,"676,500.00",31
CLAY_33,"4,050",3:33:38,MUD,"40,500.00",,,,25,SCREWS,38,,,115,0:04:14,0.89%,"273,000.00","155,064.00",,,,"682,500.00",31
CLAY_34,"4,160",3:37:37,MUD,"41,600.00",,,,25,SCREWS,44,,,110,0:03:59,0.84%,"275,280.00","156,696.00",,,,"688,200.00",31
CLAY_35,"4,265",3:41:22,MUD,"42,650.00",,,,25,SCREWS,52,,,105,0:03:45,0.78%,"277,440.00","159,888.00",,,,"693,600.00",31
CLAY_36,"4,370",3:45:10,MUD,"43,700.00",,,,25,SCREWS,60,,,105,0:03:48,0.74%,"279,480.00","161,448.00",,,,"698,700.00",31
CLAY_37,"4,475",3:49:00,MUD,"44,750.00",,,,25,SCREWS,70,,,105,0:03:50,0.69%,"281,400.00","162,984.00",,,,"703,500.00",31
CLAY_38,"4,575",3:52:38,MUD,"45,750.00",,,,25,SCREWS,82,,,100,0:03:38,0.64%,"283,200.00","164,496.00",,,,"708,000.00",31
CLAY_39,"4,675",3:56:19,MUD,"46,750.00",,,,25,SCREWS,100,,,100,0:03:41,0.59%,"284,880.00","167,448.00",,,,"712,200.00",31
CLAY_40,"4,775",4:00:00,MUD,"47,750.00",,,,25,SCREWS,150,,,100,0:03:41,0.57%,"286,507.93","170,304.00",,,,"716,269.82",31
,,,,,,,,,,,,,,,,,,,,,,
SAND_1,1,0:02:00,CLAY,3,,,,75,EARTH,1,,,0,0:00:00,0%,"2,160.00","2,880.00",,,,"54,000.00",
SAND_2,2,0:02:00,CLAY,6,,,,75,SAND,1,,,1,0:00:00,100%,"4,320.00","8,160.00",,,,"108,000.00",19
SAND_3,5,0:03:32,CLAY,15,,,,75,SAND,5,,,3,0:01:32,41.67%,"6,120.00","10,080.00",,,,"153,000.00",19
SAND_4,10,0:05:33,CLAY,30,,,,75,SAND,10,,,5,0:02:02,27.06%,"7,776.00","12,840.00",,,,"194,400.00",19
SAND_5,20,0:09:14,CLAY,60,,,,75,SAND,17,,,10,0:03:41,20.37%,"9,360.00","14,040.00",,,,"234,000.00",19
SAND_6,40,0:15:54,CLAY,120,,,,75,SAND,27,,,20,0:06:40,16.15%,"10,872.00","15,120.00",,,,"271,800.00",19
SAND_7,70,0:24:34,CLAY,210,,,,75,SAND,40,,,30,0:08:40,13.25%,"12,312.00","17,064.00",,,,"307,800.00",19
SAND_8,125,0:39:28,CLAY,375,,,,75,SAND,60,,,55,0:14:55,11.11%,"13,680.00","17,064.00",,,,"342,000.00",19
SAND_9,225,1:04:54,CLAY,675,,,,75,COPPER,3,,,100,0:25:26,9.47%,"14,976.00","17,928.00",,,,"374,400.00",19
SAND_10,335,1:29:20,CLAY,"1,005.00",,,,75,COPPER,5,,,110,0:24:26,8.17%,"16,200.00","18,720.00",,,,"405,000.00",19
SAND_11,455,1:53:17,CLAY,"1,365.00",,,,75,COPPER,10,,,120,0:23:57,7.11%,"17,352.00","20,112.00",,,,"433,800.00",20
SAND_12,575,2:14:46,CLAY,"1,725.00",,,,75,COPPER,15,,,120,0:21:29,6.22%,"18,432.00","20,736.00",,,,"460,800.00",21
SAND_13,685,2:31:56,CLAY,"2,055.00",,,,75,COPPER,21,,,110,0:17:11,5.66%,"19,476.00","21,312.00",,,,"486,900.00",21
SAND_14,800,2:48:43,CLAY,"2,400.00",,,,75,COPPER,28,,,115,0:16:47,5.18%,"20,484.00","21,840.00",,,,"512,100.00",22
SAND_15,920,3:05:14,CLAY,"2,760.00",,,,75,COPPER,36,,,120,0:16:31,4.75%,"21,456.00","22,320.00",,,,"536,400.00",22
SAND_16,"1,035",3:19:41,CLAY,"3,105.00",,,,75,COPPER,46,,,115,0:14:27,4.36%,"22,392.00","22,776.00",,,,"559,800.00",23
SAND_17,"1,150",3:33:18,CLAY,"3,450.00",,,,75,COPPER,57,,,115,0:13:37,4.02%,"23,292.00","23,208.00",,,,"582,300.00",23
SAND_18,"1,260",3:45:10,CLAY,"3,780.00",,,,75,COPPER,71,,,110,0:11:53,3.79%,"24,174.00","23,616.00",,,,"604,350.00",24
SAND_19,"1,370",3:56:23,CLAY,"4,110.00",,,,75,COPPER,87,,,110,0:11:13,3.57%,"25,038.00","24,000.00",,,,"625,950.00",24
SAND_20,"1,480",4:07:01,CLAY,"4,440.00",,,,75,COPPER,106,,,110,0:10:38,3.38%,"25,884.00","24,360.00",,,,"647,100.00",25
SAND_21,"1,590",4:17:09,CLAY,"4,770.00",,,,75,STEEL,26,,,110,0:10:08,3.20%,"26,712.00","24,708.00",,,,"667,800.00",25
SAND_22,"1,700",4:26:50,CLAY,"5,100.00",,,,75,STEEL,31,,,110,0:09:42,3.03%,"27,522.00","25,044.00",,,,"688,050.00",25
SAND_23,"1,810",4:36:10,CLAY,"5,430.00",,,,75,STEEL,37,,,110,0:09:19,2.88%,"28,314.00","25,368.00",,,,"707,850.00",26
SAND_24,"1,915",4:44:24,CLAY,"5,745.00",,,,75,STEEL,44,,,105,0:08:15,2.73%,"29,088.00","25,680.00",,,,"727,200.00",26
SAND_25,"2,020",4:52:24,CLAY,"6,060.00",,,,75,STEEL,53,,,105,0:08:00,2.60%,"29,844.00","25,980.00",,,,"746,100.00",27
SAND_26,"2,130",5:00:53,CLAY,"6,390.00",,,,75,STEEL,63,,,110,0:08:29,2.47%,"30,582.00","26,268.00",,,,"764,550.00",27
SAND_27,"2,235",5:08:27,CLAY,"6,705.00",,,,75,STEEL,76,,,105,0:07:34,2.35%,"31,302.00","26,808.00",,,,"782,550.00",27
SAND_28,"2,340",5:15:52,CLAY,"7,020.00",,,,75,STEEL,90,,,105,0:07:24,2.24%,"32,004.00","27,060.00",,,,"800,100.00",28
SAND_29,"2,445",5:23:08,CLAY,"7,335.00",,,,75,STEEL,107,,,105,0:07:16,2.14%,"32,688.00","27,300.00",,,,"817,200.00",28
SAND_30,"2,550",5:30:17,CLAY,"7,650.00",,,,75,SCREWS,42,,,105,0:07:09,2.04%,"33,354.00","27,528.00",,,,"833,850.00",28
SAND_31,"2,650",5:36:41,CLAY,"7,950.00",,,,75,SCREWS,50,,,100,0:06:25,1.94%,"34,002.00","27,744.00",,,,"850,050.00",29
SAND_32,"2,750",5:43:02,CLAY,"8,250.00",,,,75,SCREWS,59,,,100,0:06:21,1.85%,"34,632.00","27,948.00",,,,"865,800.00",29
SAND_33,"2,850",5:49:20,CLAY,"8,550.00",,,,75,SCREWS,72,,,100,0:06:18,1.77%,"35,244.00","28,140.00",,,,"881,100.00",29
SAND_34,"2,950",5:55:36,CLAY,"8,850.00",,,,75,SCREWS,105,,,100,0:06:16,1.69%,"35,838.00","28,488.00",,,,"895,950.00",30
SAND_35,"3,035",6:00:00,CLAY,"9,105.00",,,,75,SCREWS,150,,,85,0:04:24,1.62%,"36,420.00","28,650.79",,,,"910,500.00",30
,,,,,,,,,,,,,,,,,,,,,,
COPPER_1,1,1:00:00,SAND,30,,,,"2,000",EARTH,1,,,0,0:00:00,0%,720,720,,,,"48,000.00",8
COPPER_2,2,1:00:00,SAND,60,,,,"2,000",COPPER,1,,,1,0:00:00,100%,"1,440.00","4,104.00",,,,"96,000.00",8
COPPER_3,4,1:22:46,SAND,120,,,,"2,000",COPPER,2,,,2,0:22:46,45%,"2,088.00","4,560.00",,,,"139,200.00",9
COPPER_4,7,1:53:31,SAND,210,,,,"2,000",COPPER,5,,,3,0:30:45,27.59%,"2,664.00","5,400.00",,,,"177,600.00",9
COPPER_5,12,2:41:48,SAND,360,,,,"2,000",COPPER,12,,,5,0:48:17,20.27%,"3,204.00","6,144.00",,,,"213,600.00",9
COPPER_6,18,3:29:43,SAND,540,,,,"2,000",COPPER,20,,,6,0:47:55,15.73%,"3,708.00","6,492.00",,,,"247,200.00",10
COPPER_7,25,4:17:17,SAND,750,,,,"2,000",COPPER,29,,,7,0:47:35,13.20%,"4,197.60","6,828.00",,,,"279,840.00",10
COPPER_8,32,4:56:18,SAND,960,,,,"2,000",COPPER,40,,,7,0:39:00,11.15%,"4,665.60","7,464.00",,,,"311,040.00",10
COPPER_9,39,5:29:07,SAND,"1,170.00",,,,"2,000",COPPER,52,,,7,0:32:49,9.72%,"5,119.20","7,764.00",,,,"341,280.00",10
COPPER_10,45,5:50:12,SAND,"1,350.00",,,,"2,000",COPPER,66,,,6,0:21:05,8.44%,"5,551.20","8,058.00",,,,"370,080.00",11
COPPER_11,50,6:01:53,SAND,"1,500.00",,,,"2,000",COPPER,83,,,5,0:11:41,7.52%,"5,968.80","8,346.00",,,,"397,920.00",11
COPPER_12,55,6:13:18,SAND,"1,650.00",,,,"2,000",COPPER,102,,,5,0:11:25,6.63%,"6,364.80","8,628.00",,,,"424,320.00",11
COPPER_13,60,6:24:12,SAND,"1,800.00",,,,"2,000",STEEL,25,,,5,0:10:54,6%,"6,746.40","8,904.00",,,,"449,760.00",11
COPPER_14,65,6:35:08,SAND,"1,950.00",,,,"2,000",STEEL,30,,,5,0:10:56,5.34%,"7,106.40","9,174.00",,,,"473,760.00",11
COPPER_15,70,6:45:48,SAND,"2,100.00",,,,"2,000",STEEL,36,,,5,0:10:40,4.86%,"7,452.00","9,438.00",,,,"496,800.00",12
COPPER_16,75,6:56:17,SAND,"2,250.00",,,,"2,000",STEEL,42,,,5,0:10:29,4.44%,"7,783.20","9,696.00",,,,"518,880.00",12
COPPER_17,79,7:01:20,SAND,"2,370.00",,,,"2,000",STEEL,50,,,4,0:05:03,4.07%,"8,100.00","9,948.00",,,,"540,000.00",12
COPPER_18,83,7:06:44,SAND,"2,490.00",,,,"2,000",STEEL,59,,,4,0:05:24,3.73%,"8,402.40","10,194.00",,,,"560,160.00",12
COPPER_19,87,7:12:29,SAND,"2,610.00",,,,"2,000",STEEL,70,,,4,0:05:45,3.43%,"8,690.40","10,434.00",,,,"579,360.00",13
COPPER_20,91,7:18:12,SAND,"2,730.00",,,,"2,000",STEEL,82,,,4,0:05:44,3.23%,"8,971.20","10,668.00",,,,"598,080.00",13
COPPER_21,95,7:23:56,SAND,"2,850.00",,,,"2,000",STEEL,95,,,4,0:05:43,3.05%,"9,244.80","10,896.00",,,,"616,320.00",13
COPPER_22,99,7:29:40,SAND,"2,970.00",,,,"2,000",SCREWS,37,,,4,0:05:44,2.88%,"9,511.20","10,896.00",,,,"634,080.00",13
COPPER_23,103,7:35:25,SAND,"3,090.00",,,,"2,000",SCREWS,43,,,4,0:05:45,2.73%,"9,770.40","11,118.00",,,,"651,360.00",13
COPPER_24,107,7:41:12,SAND,"3,210.00",,,,"2,000",SCREWS,50,,,4,0:05:47,2.58%,"10,022.40","11,334.00",,,,"668,160.00",14
COPPER_25,111,7:46:43,SAND,"3,330.00",,,,"2,000",SCREWS,59,,,4,0:05:30,2.51%,"10,274.40","11,544.00",,,,"684,960.00",14
COPPER_26,115,7:52:17,SAND,"3,450.00",,,,"2,000",SCREWS,68,,,4,0:05:34,2.38%,"10,519.20","11,748.00",,,,"701,280.00",14
COPPER_27,118,7:53:35,SAND,"3,540.00",,,,"2,000",SCREWS,79,,,3,0:01:18,2.33%,"10,764.00","11,946.00",,,,"717,600.00",14
COPPER_28,121,7:55:08,SAND,"3,630.00",,,,"2,000",SCREWS,95,,,3,0:01:33,2.21%,"11,001.60","11,946.00",,,,"733,440.00",14
COPPER_29,124,7:56:55,SAND,"3,720.00",,,,"2,000",SCREWS,115,,,3,0:01:48,2.09%,"11,232.00","12,140.00",,,,"748,800.00",15
COPPER_30,127,8:00:00,SAND,"3,810.00",,,,"2,000",SCREWS,150,,,3,0:03:05,1.76%,"11,430.00","12,140.00",,,,"762,000.00",15
,,,,,,,,,,,,,,,,,,,,,,
SEAWATER_1,1,2:00:00,WATER,16,,,,"3,250",EARTH,1,,,0,0:00:00,0%,192,,,,,"39,000.00",5
SEAWATER_2,1,2:00:00,WATER,12,,,,"3,250",COPPER,6,,,0,0:00:00,0%,143.98,,,,,"39,000.00",5
SEAWATER_3,1,2:00:00,WATER,10,,,,"3,250",COPPER,10,,,0,0:00:00,0%,120,,,,,"39,000.00",5
SEAWATER_4,1,2:00:00,WATER,8.8,,,,"3,250",COPPER,14,,,0,0:00:00,0%,105.58,,,,,"39,000.00",5
SEAWATER_5,1,2:00:00,WATER,8,,,,"3,250",COPPER,20,,,0,0:00:00,0%,96,,,,,"39,000.00",5
SEAWATER_6,2,2:00:00,WATER,16,,,,"3,250",STEEL,5,,,1,0:00:00,100%,192,,,,,"78,000.00",5
SEAWATER_7,4,3:30:00,WATER,32,,,,"3,250",STEEL,7,,,2,1:30:00,14.29%,219.43,,,,,"89,142.86",5
SEAWATER_8,7,5:15:00,WATER,56,,,,"3,250",STEEL,9,,,3,1:45:00,16.67%,256,,,,,"104,000.00",5
SEAWATER_9,10,6:45:00,WATER,80,,,,"3,250",STEEL,11,,,3,1:30:00,11.11%,284.44,,,,,"115,555.56",5
SEAWATER_10,10,6:15:00,WATER,77.34,,,,"3,250",STEEL,14,,,0,-0:30:00,8%,296.99,,,,,"124,800.00",5
SEAWATER_11,10,5:50:00,WATER,75.07,,,,"3,250",STEEL,17,,,0,-0:25:00,7.14%,308.84,,,,,"133,714.29",5
SEAWATER_12,10,5:30:00,WATER,73.08,,,,"3,250",STEEL,20,,,0,-0:20:00,6.06%,318.91,,,,,"141,818.18",5
SEAWATER_13,10,5:15:00,WATER,71.34,,,,"3,250",STEEL,24,,,0,-0:15:00,4.76%,326.14,,,,,"148,571.43",5
SEAWATER_14,10,5:00:00,WATER,69.79,,,,"3,250",STEEL,29,,,0,-0:15:00,5%,335.01,,,,,"156,000.00",5
SEAWATER_15,10,4:45:00,WATER,68.41,,,,"3,250",STEEL,35,,,0,-0:15:00,5.26%,345.63,,,,,"164,210.53",5
SEAWATER_16,10,4:35:00,WATER,67.15,,,,"3,250",STEEL,42,,,0,-0:10:00,3.64%,351.61,,,,,"170,181.82",5
SEAWATER_17,10,4:25:00,WATER,66.01,,,,"3,250",SCREWS,17,,,0,-0:10:00,3.77%,358.68,,,,,"176,603.77",5
SEAWATER_18,10,4:15:00,WATER,64.96,,,,"3,250",SCREWS,20,,,0,-0:10:00,3.92%,366.84,,,,,"183,529.41",5
SEAWATER_19,10,4:00:00,WATER,64,,,,"3,250",SCREWS,24,,,0,-0:15:00,6.25%,384,,,,,"195,000.00",5
SEAWATER_20,13,5:00:00,WATER,83.2,,,,"3,250",SCREWS,28,,,3,1:00:00,4%,399.36,,,,,"202,800.00",5
SEAWATER_21,17,6:12:00,WATER,108.8,,,,"3,250",SCREWS,33,,,4,1:12:00,5.46%,421.16,,,,,"213,870.97",5
SEAWATER_22,22,7:40:00,WATER,140.8,,,,"3,250",SCREWS,39,,,5,1:28:00,4.65%,440.77,,,,,"223,826.09",5
SEAWATER_23,26,8:42:00,WATER,166.4,,,,"3,250",SCREWS,47,,,4,1:02:00,4.14%,459.03,,,,,"233,103.45",5
SEAWATER_24,29,9:20:00,WATER,185.6,,,,"3,250",SCREWS,55,,,3,0:38:00,3.97%,477.26,,,,,"242,357.14",5
SEAWATER_25,30,9:20:00,WATER,192,,,,"3,250",SCREWS,65,,,1,0:00:00,3.45%,493.71,,,,,"250,714.29",5
SEAWATER_26,30,9:00:00,WATER,192,,,,"3,250",SCREWS,77,,,0,-0:20:00,3.70%,512,,,,,"260,000.00",5
SEAWATER_27,30,8:43:00,WATER,180.68,,,,"3,250",SCREWS,91,,,0,-0:17:00,3.25%,497.48,,,,,"268,451.24",5
SEAWATER_28,30,8:28:00,WATER,172.17,,,,"3,250",SCREWS,108,,,0,-0:15:00,2.95%,488.05,,,,,"276,377.95",5
SEAWATER_29,30,8:14:00,WATER,165.47,,,,"3,250",SCREWS,127,,,0,-0:14:00,2.83%,482.34,,,,,"284,210.53",5
SEAWATER_30,30,8:00:00,WATER,160,,,,"3,250",SCREWS,150,,,0,-0:14:00,2.92%,480,,,,,"292,500.00",5
,,,,,,,,,,,,,,,,,,,,,,
HEAT_1,1,2:30:00,FIRE,18,,,,"4,500",EARTH,1,,,0,0:00:00,0%,172.8,,,,,"43,199.99",5
HEAT_2,1,2:30:00,FIRE,13.5,,,,"4,500",COPPER,6,,,0,0:00:00,0%,129.58,,,,,"43,199.99",5
HEAT_3,1,2:30:00,FIRE,11.25,,,,"4,500",COPPER,10,,,0,0:00:00,0%,108,,,,,"43,199.99",5
HEAT_4,1,2:30:00,FIRE,9.9,,,,"4,500",COPPER,14,,,0,0:00:00,0%,95.02,,,,,"43,199.99",5
HEAT_5,1,2:30:00,FIRE,9,,,,"4,500",COPPER,20,,,0,0:00:00,0%,86.4,,,,,"43,199.99",5
HEAT_6,2,2:30:00,FIRE,18,,,,"4,500",STEEL,5,,,1,0:00:00,100%,172.8,,,,,"86,399.97",5
HEAT_7,3,3:25:00,FIRE,27,,,,"4,500",STEEL,7,,,1,0:55:00,9.76%,189.66,,,,,"94,829.28",5
HEAT_8,5,5:16:00,FIRE,45,,,,"4,500",STEEL,9,,,2,1:51:00,8.12%,205.06,,,,,"102,531.67",5
HEAT_9,8,8:00:00,FIRE,72,,,,"4,500",STEEL,11,,,3,2:44:00,5.33%,216,,,,,"108,000.01",5
HEAT_10,8,7:05:00,FIRE,69.61,,,,"4,500",STEEL,14,,,0,-0:55:00,12.94%,235.84,,,,,"121,976.47",5
HEAT_11,8,6:24:00,FIRE,67.56,,,,"4,500",STEEL,17,,,0,-0:41:00,10.68%,253.34,,,,,"134,999.98",5
HEAT_12,8,5:52:00,FIRE,65.77,,,,"4,500",STEEL,20,,,0,-0:32:00,9.09%,269.08,,,,,"147,272.75",5
HEAT_13,8,5:27:00,FIRE,64.21,,,,"4,500",STEEL,24,,,0,-0:25:00,7.65%,282.75,,,,,"158,532.13",5
HEAT_14,8,5:06:00,FIRE,62.81,,,,"4,500",STEEL,29,,,0,-0:21:00,6.86%,295.59,,,,,"169,411.76",5
HEAT_15,8,4:48:00,FIRE,61.56,,,,"4,500",STEEL,35,,,0,-0:18:00,6.25%,307.82,,,,,"180,000.00",5
HEAT_16,8,4:34:00,FIRE,60.43,,,,"4,500",STEEL,42,,,0,-0:14:00,5.11%,317.6,,,,,"189,197.06",5
HEAT_17,8,4:21:00,FIRE,59.41,,,,"4,500",SCREWS,17,,,0,-0:13:00,4.98%,327.76,,,,,"198,620.69",5
HEAT_18,8,4:10:00,FIRE,58.47,,,,"4,500",SCREWS,20,,,0,-0:11:00,4.40%,336.76,,,,,"207,360.01",5
HEAT_19,8,4:00:00,FIRE,57.6,,,,"4,500",SCREWS,24,,,0,-0:10:00,4.17%,345.6,,,,,"215,999.96",5
HEAT_20,10,4:36:00,FIRE,72,,,,"4,500",SCREWS,28,,,2,0:36:00,8.70%,375.65,,,,,"234,782.57",5
HEAT_21,13,5:36:00,FIRE,93.6,,,,"4,500",SCREWS,33,,,3,1:00:00,6.79%,401.14,,,,,"250,714.32",5
HEAT_22,17,6:57:00,FIRE,122.4,,,,"4,500",SCREWS,39,,,4,1:21:00,5.37%,422.68,,,,,"264,172.69",5
HEAT_23,21,8:12:00,FIRE,151.2,,,,"4,500",SCREWS,47,,,4,1:15:00,4.70%,442.54,,,,,"276,585.34",5
HEAT_24,25,9:23:00,FIRE,180,,,,"4,500",SCREWS,55,,,4,1:11:00,4.03%,460.39,,,,,"287,744.24",5
HEAT_25,25,9:04:00,FIRE,180,,,,"4,500",SCREWS,65,,,0,-0:19:00,3.49%,476.47,,,,,"297,794.10",5
HEAT_26,25,8:48:00,FIRE,180,,,,"4,500",SCREWS,77,,,0,-0:16:00,3.03%,490.91,,,,,"306,818.15",5
HEAT_27,25,8:33:00,FIRE,169.39,,,,"4,500",SCREWS,91,,,0,-0:15:00,2.92%,475.48,,,,,"315,789.47",5
HEAT_28,25,8:21:00,FIRE,161.41,,,,"4,500",SCREWS,108,,,0,-0:12:00,2.40%,463.94,,,,,"323,353.26",5
HEAT_29,25,8:10:00,FIRE,155.13,,,,"4,500",SCREWS,127,,,0,-0:11:00,2.24%,455.89,,,,,"330,612.22",5
HEAT_30,25,8:00:00,FIRE,150,,,,"4,500",SCREWS,150,,,0,-0:10:00,2.08%,450,,,,,"337,500.03",5
,,,,,,,,,,,,,,,,,,,,,,
ALGAE_1,1,6:00:00,SEAWATER,4,,,,"21,000",EARTH,1,,,0,0:00:00,0%,16,12,,,,"84,000.00",4
ALGAE_2,2,10:00:00,SEAWATER,7.92,,,,"21,000",STEEL,3,,,1,4:00:00,20%,19,12,,,,"100,799.92",4
ALGAE_3,2,8:30:00,SEAWATER,7.84,,,,"21,000",STEEL,5,,,0,-1:30:00,17.65%,22.13,24,,,,"118,588.12",4
ALGAE_4,2,7:30:00,SEAWATER,7.76,,,,"21,000",STEEL,8,,,0,-1:00:00,13.33%,24.84,32,,,,"134,400.00",4
ALGAE_5,4,13:30:00,SEAWATER,15.39,,,,"21,000",STEEL,11,,,2,6:00:00,11.11%,27.36,35.56,,,,"149,333.33",4
ALGAE_6,4,12:00:00,SEAWATER,15.26,,,,"21,000",STEEL,15,,,0,-1:30:00,12.50%,30.51,41.14,,,,"168,000.00",4
ALGAE_7,4,10:30:00,SEAWATER,15.13,,,,"21,000",STEEL,20,,,0,-1:30:00,14.29%,34.58,43.64,,,,"192,000.00",4
ALGAE_8,4,9:00:00,SEAWATER,15.01,,,,"21,000",STEEL,26,,,0,-1:30:00,16.67%,40.03,48,,,,"224,000.00",4
ALGAE_9,4,8:00:00,SEAWATER,14.9,,,,"21,000",STEEL,34,,,0,-1:00:00,12.50%,44.69,50.53,,,,"252,000.25",4
ALGAE_10,6,11:30:00,SEAWATER,22.18,,,,"21,000",SCREWS,15,,,2,3:30:00,4.35%,46.29,54.34,,,,"262,956.34",4
ALGAE_11,6,10:30:00,SEAWATER,22.02,,,,"21,000",SCREWS,19,,,0,-1:00:00,9.52%,50.34,56.47,,,,"288,000.00",4
ALGAE_12,6,9:30:00,SEAWATER,21.88,,,,"21,000",SCREWS,24,,,0,-1:00:00,10.53%,55.27,60,,,,"318,316.06",4
ALGAE_13,6,8:45:00,SEAWATER,21.73,,,,"21,000",SCREWS,30,,,0,-0:45:00,8.57%,59.61,65.81,,,,"345,600.32",4
ALGAE_14,6,8:00:00,SEAWATER,21.59,,,,"21,000",SCREWS,38,,,0,-0:45:00,9.38%,64.78,68.87,,,,"378,000.38",4
ALGAE_15,8,10:30:00,SEAWATER,28.62,,,,"21,000",SCREWS,48,,,2,2:30:00,1.59%,65.41,71.72,,,,"384,000.00",4
ALGAE_16,8,9:30:00,SEAWATER,28.45,,,,"21,000",SCREWS,61,,,0,-1:00:00,10.53%,71.87,77.14,,,,"424,421.41",4
ALGAE_17,8,9:00:00,SEAWATER,28.28,,,,"21,000",SCREWS,76,,,0,-0:30:00,5.56%,75.42,80,,,,"448,000.00",4
ALGAE_18,8,8:30:00,SEAWATER,28.12,,,,"21,000",SCREWS,96,,,0,-0:30:00,5.88%,79.41,85.04,,,,"474,352.49",4
ALGAE_19,8,8:00:00,SEAWATER,27.97,,,,"21,000",SCREWS,120,,,0,-0:30:00,6.25%,83.92,87.45,,,,"504,000.50",4
ALGAE_20,10,8:00:00,SEAWATER,34.78,,,,"21,000",SCREWS,150,,,2,0:00:00,25%,104.35,90,,,,"630,000.63",5
,,,,,,,,,,,,,,,,,,,,,,
LAVA_1,1,8:00:00,HEAT,4,,,,"30,000",EARTH,1,,,0,0:00:00,0%,12,9.6,,,,"90,000.09",4
LAVA_2,2,13:00:00,HEAT,7.92,,,,"30,000",STEEL,3,,,1,5:00:00,23.08%,14.62,9.6,,,,"110,769.16",4
LAVA_3,2,11:30:00,HEAT,7.84,,,,"30,000",STEEL,5,,,0,-1:30:00,13.04%,16.36,19.2,,,,"125,217.30",4
LAVA_4,2,10:30:00,HEAT,7.76,,,,"30,000",STEEL,8,,,0,-1:00:00,9.52%,17.75,22.78,,,,"137,142.86",4
LAVA_5,3,15:00:00,HEAT,11.54,,,,"30,000",STEEL,11,,,1,4:30:00,5%,18.47,24,,,,"144,000.00",4
LAVA_6,3,13:15:00,HEAT,11.44,,,,"30,000",STEEL,15,,,0,-1:45:00,13.21%,20.72,30,,,,"163,018.97",4
LAVA_7,3,11:45:00,HEAT,11.35,,,,"30,000",STEEL,20,,,0,-1:30:00,12.77%,23.18,32.73,,,,"183,829.91",4
LAVA_8,3,10:30:00,HEAT,11.26,,,,"30,000",STEEL,26,,,0,-1:15:00,11.90%,25.73,37.65,,,,"205,714.29",4
LAVA_9,3,9:30:00,HEAT,11.17,,,,"30,000",STEEL,34,,,0,-1:00:00,10.53%,28.22,40,,,,"227,368.61",4
LAVA_10,4,12:30:00,HEAT,14.79,,,,"30,000",STEEL,44,,,1,3:00:00,1.33%,28.39,42.04,,,,"230,400.15",4
LAVA_11,4,11:30:00,HEAT,14.68,,,,"30,000",STEEL,56,,,0,-1:00:00,8.70%,30.64,46.08,,,,"250,434.61",4
LAVA_12,4,10:15:00,HEAT,14.58,,,,"30,000",SCREWS,24,,,0,-1:15:00,12.20%,34.15,48,,,,"280,975.83",4
LAVA_13,4,9:00:00,HEAT,14.49,,,,"30,000",SCREWS,30,,,0,-1:15:00,13.89%,38.63,55.71,,,,"320,000.00",4
LAVA_14,4,8:00:00,HEAT,14.4,,,,"30,000",SCREWS,38,,,0,-1:00:00,12.50%,43.19,58.71,,,,"360,000.36",4
LAVA_15,6,11:30:00,HEAT,21.46,,,,"30,000",SCREWS,48,,,2,3:30:00,4.35%,44.79,61.46,,,,"375,651.91",4
LAVA_16,6,10:15:00,HEAT,21.34,,,,"30,000",SCREWS,61,,,0,-1:15:00,12.20%,49.96,66.18,,,,"421,463.74",4
LAVA_17,6,9:30:00,HEAT,21.21,,,,"30,000",SCREWS,76,,,0,-0:45:00,7.89%,53.59,68.18,,,,"454,737.23",4
LAVA_18,6,8:45:00,HEAT,21.09,,,,"30,000",SCREWS,96,,,0,-0:45:00,8.57%,57.86,71.86,,,,"493,714.74",4
LAVA_19,6,8:00:00,HEAT,20.98,,,,"30,000",SCREWS,120,,,0,-0:45:00,9.38%,62.94,73.47,,,,"540,000.54",4
LAVA_20,8,8:00:00,HEAT,27.83,,,,"30,000",SCREWS,150,,,2,0:00:00,33.33%,83.48,75,,,,"720,000.72",4
,,,,,,,,,,,,,,,,,,,,,,
CERAMICS_1,1,10:00:00,CLAY,300,SEAWATER,3,,"40,000",EARTH,1,,,0,0:00:00,0%,720,"2,880.00",7.2,12,,"95,999.92",4
CERAMICS_2,2,16:00:00,CLAY,593.77,SEAWATER,5.94,,"40,000",STEEL,3,,,1,6:00:00,25%,890.65,"20,736.00",8.91,12,,"119,999.94",4
CERAMICS_3,2,14:00:00,CLAY,587.89,SEAWATER,5.88,,"40,000",STEEL,5,,,0,-2:00:00,14.29%,"1,007.81","21,312.00",10.08,24,,"137,142.94",4
CERAMICS_4,2,12:30:00,CLAY,582.3,SEAWATER,5.82,,"40,000",STEEL,8,,,0,-1:30:00,12%,"1,118.01","22,320.00",11.18,32,,"153,600.10",4
CERAMICS_5,3,17:30:00,CLAY,865.63,SEAWATER,8.66,,"40,000",SCREWS,4,,,1,5:00:00,7.14%,"1,187.16","23,208.00",11.87,38.4,,"164,571.35",4
CERAMICS_6,3,15:30:00,CLAY,858.12,SEAWATER,8.58,,"40,000",SCREWS,5,,,0,-2:00:00,12.90%,"1,328.71","23,616.00",13.29,41.14,,"185,806.55",4
CERAMICS_7,3,13:45:00,CLAY,851.06,SEAWATER,8.51,,"40,000",SCREWS,7,,,0,-1:45:00,12.73%,"1,485.49","24,360.00",14.86,43.64,,"209,454.42",4
CERAMICS_8,3,12:15:00,CLAY,844.36,SEAWATER,8.44,,"40,000",SCREWS,9,,,0,-1:30:00,12.24%,"1,654.25","24,708.00",16.54,48,,"235,101.89",4
CERAMICS_9,3,11:00:00,CLAY,837.91,SEAWATER,8.38,,"40,000",SCREWS,11,,,0,-1:15:00,11.36%,"1,828.17","25,044.00",18.28,50.53,,"261,818.37",4
CERAMICS_10,4,14:30:00,CLAY,"1,109.06",SEAWATER,11.09,,"40,000",CERAMICS,66,,,1,3:30:00,1.15%,"1,835.68","25,680.00",18.36,52.36,,"264,827.44",4
CERAMICS_11,4,13:00:00,CLAY,"1,101.22",SEAWATER,11.01,,"40,000",CERAMICS,84,,,0,-1:30:00,11.54%,"2,033.02","26,268.00",20.33,56.47,,"295,384.43",4
CERAMICS_12,4,11:45:00,CLAY,"1,093.79",SEAWATER,10.94,,"40,000",CERAMICS,107,,,0,-1:15:00,10.64%,"2,234.13","26,544.00",22.34,60,,"326,808.73",4
CERAMICS_13,4,10:45:00,CLAY,"1,086.56",SEAWATER,10.87,,"40,000",STONE,45,,,0,-1:00:00,9.30%,"2,425.81","27,060.00",24.26,65.81,,"357,209.04",4
CERAMICS_14,4,10:00:00,CLAY,"1,079.72",SEAWATER,10.8,,"40,000",STONE,57,,,0,-0:45:00,7.50%,"2,591.32","27,300.00",25.91,68.87,,"383,999.69",4
CERAMICS_15,5,12:30:00,CLAY,"1,341.32",SEAWATER,13.41,,"40,000",CEMENT,11,,,1,2:30:00,0%,"2,575.34","27,744.00",25.75,71.72,,"384,000.25",4
CERAMICS_16,5,11:00:00,CLAY,"1,333.45",SEAWATER,13.33,,"40,000",CEMENT,14,,,0,-1:30:00,13.64%,"2,909.35","27,948.00",29.09,77.14,,"436,363.95",4
CERAMICS_17,5,9:45:00,CLAY,"1,325.79",SEAWATER,13.26,,"40,000",ACID,38,,,0,-1:15:00,12.82%,"3,263.49","28,320.00",32.64,80,,"492,307.69",4
CERAMICS_18,5,8:45:00,CLAY,"1,318.33",SEAWATER,13.18,,"40,000",ACID,48,,,0,-1:00:00,11.43%,"3,616.00","28,488.00",36.16,85.04,,"548,571.93",4
CERAMICS_19,5,8:00:00,CLAY,"1,311.19",SEAWATER,13.11,,"40,000",ACID,60,,,0,-0:45:00,9.38%,"3,933.57","28,650.79",39.34,87.45,,"600,000.60",4
CERAMICS_20,6,8:00:00,CLAY,"1,565.22",SEAWATER,15.65,,"40,000",PLASTICS,9,,,1,0:00:00,20%,"4,695.66","28,650.79",46.96,90,,"720,000.72",4
,,,,,,,,,,,,,,,,,,,,,,
STEEL_1,1,12:00:00,COPPER,5,,,,"100,000",EARTH,1,,,0,0:00:00,0%,10,24,,,,"200,000.00",20
STEEL_2,1,11:20:00,COPPER,4.86,,,,"100,000",STEEL,3,,,0,-0:40:00,5.88%,10.28,123.6,,,,"211,764.81",20
STEEL_3,1,10:50:00,COPPER,4.74,,,,"100,000",STEEL,5,,,0,-0:30:00,4.62%,10.5,139.92,,,,"221,538.41",20
STEEL_4,1,10:25:00,COPPER,4.65,,,,"100,000",STEEL,8,,,0,-0:25:00,4%,10.71,155.52,,,,"230,399.88",20
STEEL_5,1,10:05:00,COPPER,4.57,,,,"100,000",STEEL,11,,,0,-0:20:00,3.31%,10.87,185.04,,,,"238,016.47",20
STEEL_6,1,9:50:00,COPPER,4.5,,,,"100,000",STEEL,15,,,0,-0:15:00,2.54%,10.98,198.96,,,,"244,067.93",20
STEEL_7,1,9:35:00,COPPER,4.44,,,,"100,000",STEEL,20,,,0,-0:15:00,2.61%,11.11,212.16,,,,"250,434.50",20
STEEL_8,1,9:20:00,COPPER,4.38,,,,"100,000",STEEL,26,,,0,-0:15:00,2.68%,11.27,224.88,,,,"257,142.78",20
STEEL_9,1,9:10:00,COPPER,4.34,,,,"100,000",STEEL,34,,,0,-0:10:00,1.82%,11.35,248.4,,,,"261,818.49",20
STEEL_10,1,9:00:00,COPPER,4.29,,,,"100,000",STEEL,44,,,0,-0:10:00,1.85%,11.44,259.44,,,,"266,666.67",20
STEEL_11,1,8:52:00,COPPER,4.25,,,,"100,000",STEEL,56,,,0,-0:08:00,1.50%,11.51,280.08,,,,"270,677.02",20
STEEL_12,1,8:45:00,COPPER,4.22,,,,"100,000",STEEL,72,,,0,-0:07:00,1.33%,11.56,289.68,,,,"274,285.97",20
STEEL_13,1,8:39:00,COPPER,4.18,,,,"100,000",STEEL,91,,,0,-0:06:00,1.16%,11.6,308.16,,,,"277,456.39",20
STEEL_14,1,8:33:00,COPPER,4.15,,,,"100,000",STEEL,115,,,0,-0:06:00,1.17%,11.65,317.04,,,,"280,701.75",20
STEEL_15,1,8:27:00,COPPER,4.12,,,,"100,000",SCREWS,48,,,0,-0:06:00,1.18%,11.7,334.08,,,,"284,023.94",20
STEEL_16,1,8:20:00,COPPER,4.09,,,,"100,000",SCREWS,61,,,0,-0:07:00,1.40%,11.79,342.48,,,,"288,000.18",20
STEEL_17,1,8:15:00,COPPER,4.07,,,,"100,000",SCREWS,76,,,0,-0:05:00,1.01%,11.84,358.8,,,,"290,909.09",20
STEEL_18,1,8:10:00,COPPER,4.04,,,,"100,000",SCREWS,96,,,0,-0:05:00,1.02%,11.89,366.72,,,,"293,877.36",20
STEEL_19,1,8:05:00,COPPER,4.02,,,,"100,000",SCREWS,120,,,0,-0:05:00,1.03%,11.94,374.4,,,,"296,906.82",20
STEEL_20,1,8:00:00,COPPER,4,,,,"100,000",SCREWS,150,,,0,-0:05:00,1.04%,12,381,,,,"300,000.30",20
,,,,,,,,,,,,,,,,,,,,,,
OXYGEN_1,1,15:00:00,ALGAE,3,,,,"135,000",EARTH,1,,,0,0:00:00,0%,4.8,4,,,,"216,000.00",7
OXYGEN_2,2,25:00:00,ALGAE,5.94,,,,"135,000",SCREWS,3,,,1,10:00:00,20%,5.7,7.11,,,,"259,199.92",8
OXYGEN_3,2,21:00:00,ALGAE,5.88,,,,"135,000",SCREWS,4,,,0,-4:00:00,19.05%,6.72,8,,,,"308,571.43",8
OXYGEN_4,2,18:00:00,ALGAE,5.82,,,,"135,000",SCREWS,5,,,0,-3:00:00,16.67%,7.76,8,,,,"360,000.00",8
OXYGEN_5,3,26:00:00,ALGAE,8.66,,,,"135,000",SCREWS,7,,,1,8:00:00,3.85%,7.99,9.14,,,,"373,846.27",8
OXYGEN_6,3,23:00:00,ALGAE,8.58,,,,"135,000",SCREWS,9,,,0,-3:00:00,13.04%,8.95,10.67,,,,"422,608.84",8
OXYGEN_7,3,21:00:00,ALGAE,8.51,,,,"135,000",SCREWS,11,,,0,-2:00:00,9.52%,9.73,12,,,,"462,857.14",8
OXYGEN_8,3,20:00:00,ALGAE,8.44,,,,"135,000",SCREWS,13,,,0,-1:00:00,5%,10.13,12.52,,,,"486,000.19",8
OXYGEN_9,3,19:00:00,ALGAE,8.38,,,,"135,000",SCREWS,17,,,0,-1:00:00,5.26%,10.58,13.71,,,,"511,578.73",8
OXYGEN_10,4,25:00:00,ALGAE,11.09,,,,"135,000",SCREWS,21,,,1,6:00:00,1.33%,10.65,15.16,,,,"518,399.83",8
OXYGEN_11,4,22:00:00,ALGAE,11.01,,,,"135,000",SCREWS,25,,,0,-3:00:00,13.64%,12.01,15.16,,,,"589,090.69",8
OXYGEN_12,4,19:30:00,ALGAE,10.94,,,,"135,000",SCREWS,31,,,0,-2:30:00,12.82%,13.46,16.46,,,,"664,615.38",8
OXYGEN_13,4,17:30:00,ALGAE,10.87,,,,"135,000",SCREWS,38,,,0,-2:00:00,11.43%,14.9,18,,,,"740,571.09",8
OXYGEN_14,4,16:00:00,ALGAE,10.8,,,,"135,000",SCREWS,47,,,0,-1:30:00,9.37%,16.2,18.29,,,,"809,999.60",8
OXYGEN_15,5,19:00:00,ALGAE,13.41,,,,"135,000",SCREWS,58,,,1,3:00:00,5.26%,16.94,20.21,,,,"852,631.22",8
OXYGEN_16,5,16:30:00,ALGAE,13.33,,,,"135,000",SCREWS,70,,,0,-2:30:00,15.15%,19.4,21.33,,,,"981,818.18",8
OXYGEN_17,5,14:00:00,ALGAE,13.26,,,,"135,000",SCREWS,86,,,0,-2:30:00,17.86%,22.73,22.59,,,,"1,157,143.52",8
OXYGEN_18,5,12:00:00,ALGAE,13.18,,,,"135,000",SCREWS,104,,,0,-2:00:00,16.67%,26.37,24,,,,"1,350,000.00",8
OXYGEN_19,5,10:00:00,ALGAE,13.11,,,,"135,000",SCREWS,127,,,0,-2:00:00,20%,31.47,30,,,,"1,619,998.70",8
OXYGEN_20,6,8:00:00,ALGAE,15.65,,,,"135,000",SCREWS,155,,,1,-2:00:00,50%,46.96,30,,,,"2,430,002.43",8
,,,,,,,,,,,,,,,,,,,,,,
GLASS_1,1,18:00:00,SAND,180,HEAT,8,,"180,000",EARTH,1,,,0,0:00:00,0%,240,720,10.67,9.6,,"240,000.00",7
GLASS_2,2,30:00:00,SAND,356.26,HEAT,15.83,,"180,000",SCREWS,3,,,1,12:00:00,20%,285.01,"7,464.00",12.67,22.78,,"288,000.00",8
GLASS_3,2,25:30:00,SAND,352.73,HEAT,15.68,,"180,000",SCREWS,4,,,0,-4:30:00,17.65%,331.98,"7,764.00",14.75,27.11,,"338,823.53",8
GLASS_4,2,22:00:00,SAND,349.38,HEAT,15.53,,"180,000",SCREWS,5,,,0,-3:30:00,15.91%,381.14,"8,346.00",16.94,30,,"392,727.13",8
GLASS_5,3,31:30:00,SAND,519.38,HEAT,23.08,,"180,000",SCREWS,7,,,1,9:30:00,4.76%,395.72,"8,628.00",17.59,32.73,,"411,428.57",8
GLASS_6,3,28:00:00,SAND,514.87,HEAT,22.88,,"180,000",GLASS,21,,,0,-3:30:00,12.50%,441.32,"8,904.00",19.61,35.23,,"462,857.01",8
GLASS_7,3,25:00:00,SAND,510.64,HEAT,22.7,,"180,000",GLASS,27,,,0,-3:00:00,12%,490.21,"9,174.00",21.79,40,,"518,399.83",8
GLASS_8,3,22:30:00,SAND,506.61,HEAT,22.52,,"180,000",GLASS,34,,,0,-2:30:00,11.11%,540.39,"9,696.00",24.02,42.04,,"576,000.00",8
GLASS_9,3,20:30:00,SAND,502.75,HEAT,22.34,,"180,000",GLASS,42,,,0,-2:00:00,9.76%,588.58,"9,948.00",26.16,44.14,,"632,194.88",8
GLASS_10,4,26:30:00,SAND,665.43,HEAT,29.57,,"180,000",GLASS,52,,,1,6:00:00,3.14%,602.66,"10,194.00",26.78,46.08,,"652,075.27",8
GLASS_11,4,23:00:00,SAND,660.73,HEAT,29.37,,"180,000",GLASS,64,,,0,-3:30:00,15.22%,689.46,"10,434.00",30.64,52.17,,"751,304.61",8
GLASS_12,4,20:30:00,SAND,656.28,HEAT,29.17,,"180,000",GLASS,78,,,0,-2:30:00,12.20%,768.32,"10,668.00",34.15,55.71,,"842,926.50",8
GLASS_13,4,18:30:00,SAND,651.94,HEAT,28.98,,"180,000",GLASS,96,,,0,-2:00:00,10.81%,845.76,"11,118.00",37.59,58.71,,"934,054.46",8
GLASS_14,4,17:00:00,SAND,647.83,HEAT,28.79,,"180,000",SULFUR,18,,,0,-1:30:00,8.82%,914.59,"11,334.00",40.65,61.46,,"1,016,471.07",8
GLASS_15,5,21:00:00,SAND,804.79,HEAT,35.77,,"180,000",SULFUR,22,,,1,4:00:00,1.19%,919.76,"11,544.00",40.88,66.18,,"1,028,571.43",8
GLASS_16,5,17:30:00,SAND,800.07,HEAT,35.56,,"180,000",SULFUR,26,,,0,-3:30:00,20%,"1,097.24","11,748.00",48.77,68.18,,"1,234,285.15",8
GLASS_17,5,14:30:00,SAND,795.47,HEAT,35.35,,"180,000",SULFUR,32,,,0,-3:00:00,20.69%,"1,316.65","11,946.00",58.52,70.18,,"1,489,654.35",8
GLASS_18,5,12:00:00,SAND,791,HEAT,35.16,,"180,000",FIBERGLASS,11,,,0,-2:30:00,20.83%,"1,582.00","11,946.00",70.31,71.86,,"1,800,000.00",8
GLASS_19,5,10:00:00,SAND,786.71,HEAT,34.97,,"180,000",FIBERGLASS,14,,,0,-2:00:00,20%,"1,888.11","12,140.00",83.92,73.47,,"2,159,998.27",8
GLASS_20,6,8:00:00,SAND,939.13,HEAT,41.74,,"180,000",FIBERGLASS,17,,,1,-2:00:00,50%,"2,817.39","12,140.00",125.22,75,,"3,240,003.24",8
,,,,,,,,,,,,,,,,,,,,,,
GAS_1,1,24:00:00,OXYGEN,2,,,,"450,000",EARTH,1,,,0,0:00:00,0%,2,1.6,,,,"450,000.00",9
GAS_2,1,21:30:00,OXYGEN,1.98,,,,"450,000",STEEL,13,,,0,-2:30:00,11.63%,2.21,2.67,,,,"502,325.77",9
GAS_3,1,19:30:00,OXYGEN,1.96,,,,"450,000",STEEL,16,,,0,-2:00:00,10.26%,2.41,2.77,,,,"553,846.15",9
GAS_4,1,18:00:00,OXYGEN,1.94,,,,"450,000",STEEL,21,,,0,-1:30:00,8.33%,2.59,2.77,,,,"600,000.00",9
GAS_5,1,16:30:00,OXYGEN,1.92,,,,"450,000",STEEL,27,,,0,-1:30:00,9.09%,2.8,3.13,,,,"654,545.45",9
GAS_6,1,15:00:00,OXYGEN,1.9,,,,"450,000",SCREWS,12,,,0,-1:30:00,10%,3.05,3.6,,,,"720,000.00",9
GAS_7,1,14:00:00,OXYGEN,1.89,,,,"450,000",SCREWS,15,,,0,-1:00:00,7.14%,3.23,3.79,,,,"771,429.01",9
GAS_8,1,13:00:00,OXYGEN,1.87,,,,"450,000",SCREWS,20,,,0,-1:00:00,7.69%,3.45,3.84,,,,"830,768.72",9
GAS_9,1,12:00:00,OXYGEN,1.85,,,,"450,000",SCREWS,27,,,0,-1:00:00,8.33%,3.7,4.92,,,,"900,000.00",9
GAS_10,2,20:00:00,OXYGEN,3.67,,,,"450,000",SCREWS,36,,,1,8:00:00,20%,4.4,5.49,,,,"1,080,000.43",10
GAS_11,2,16:00:00,OXYGEN,3.64,,,,"450,000",SCREWS,48,,,0,-4:00:00,25%,5.45,6,,,,"1,349,999.33",10
GAS_12,2,13:00:00,OXYGEN,3.6,,,,"450,000",SCREWS,65,,,0,-3:00:00,23.08%,6.65,7.27,,,,"1,661,537.44",10
GAS_13,2,10:00:00,OXYGEN,3.57,,,,"450,000",SCREWS,87,,,0,-3:00:00,30%,8.57,8.57,,,,"2,159,998.27",10
GAS_14,2,8:00:00,OXYGEN,3.54,,,,"450,000",SCREWS,118,,,0,-2:00:00,25%,10.62,12,,,,"2,700,002.70",10
GAS_15,3,8:00:00,OXYGEN,5.22,,,,"450,000",SCREWS,160,,,1,0:00:00,50%,15.65,18,,,,"4,050,004.05",10
,,,,,,,,,,,,,,,,,,,,,,
STONE_1,1,28:00:00,COPPER,10,ALGAE,3,,"575,000",EARTH,1,,,0,0:00:00,0%,8.57,24,2.57,4,,"492,857.00",9
STONE_2,1,25:00:00,COPPER,9.9,ALGAE,2.97,,"575,000",STEEL,13,,,0,-3:00:00,12%,9.5,185.04,2.85,8,,"551,999.82",9
STONE_3,1,22:30:00,COPPER,9.8,ALGAE,2.94,,"575,000",STEEL,16,,,0,-2:30:00,11.11%,10.46,198.96,3.14,9.14,,"613,333.33",9
STONE_4,1,20:30:00,COPPER,9.71,ALGAE,2.91,,"575,000",STEEL,21,,,0,-2:00:00,9.76%,11.37,212.16,3.41,9.14,,"673,170.47",9
STONE_5,1,19:00:00,COPPER,9.62,ALGAE,2.88,,"575,000",STEEL,27,,,0,-1:30:00,7.89%,12.15,236.88,3.64,10.67,,"726,315.48",9
STONE_6,1,17:30:00,COPPER,9.52,ALGAE,2.86,,"575,000",SCREWS,12,,,0,-1:30:00,8.57%,13.06,248.4,3.92,12.52,,"788,571.07",9
STONE_7,1,16:00:00,COPPER,9.43,ALGAE,2.83,,"575,000",CERAMICS,68,,,0,-1:30:00,9.37%,14.15,270,4.25,12.52,,"862,499.57",9
STONE_8,1,14:30:00,COPPER,9.35,ALGAE,2.8,,"575,000",CERAMICS,90,,,0,-1:30:00,10.34%,15.47,280.08,4.64,13.71,,"951,723.61",9
STONE_9,1,13:00:00,COPPER,9.26,ALGAE,2.78,,"575,000",STONE,40,,,0,-1:30:00,11.54%,17.09,299.04,5.13,16.46,,"1,061,537.81",9
STONE_10,2,22:00:00,COPPER,18.35,ALGAE,5.5,,"575,000",STONE,53,,,1,9:00:00,18.18%,20.02,317.04,6.01,18,,"1,254,545.00",9
STONE_11,2,18:00:00,COPPER,18.18,ALGAE,5.45,,"575,000",CEMENT,11,,,0,-4:00:00,22.22%,24.24,334.08,7.27,18.29,,"1,533,333.33",9
STONE_12,2,14:30:00,COPPER,18.02,ALGAE,5.41,,"575,000",CEMENT,15,,,0,-3:30:00,24.14%,29.82,350.64,8.95,20.21,,"1,903,447.23",9
STONE_13,2,11:00:00,COPPER,17.86,ALGAE,5.36,,"575,000",ACID,44,,,0,-3:30:00,31.82%,38.96,366.72,11.69,22.59,,"2,509,092.73",9
STONE_14,2,8:00:00,COPPER,17.7,ALGAE,5.31,,"575,000",ACID,59,,,0,-3:00:00,37.50%,53.1,374.4,15.93,24,,"3,450,003.45",9
STONE_15,3,8:00:00,COPPER,26.09,ALGAE,7.83,,"575,000",PLASTICS,10,,,1,0:00:00,50%,78.26,381,23.48,30,,"5,175,005.18",9
,,,,,,,,,,,,,,,,,,,,,,
STEAM_1,1,32:00:00,OXYGEN,2,LAVA,4,,"700,000",EARTH,1,,,0,0:00:00,0%,1.5,1.6,3,3,,"525,000.13",7
STEAM_2,1,28:00:00,OXYGEN,1.98,LAVA,3.96,,"700,000",SCREWS,4,,,0,-4:00:00,14.29%,1.7,2.29,3.39,5.43,,"599,999.83",7
STEAM_3,1,24:30:00,OXYGEN,1.96,LAVA,3.92,,"700,000",SCREWS,5,,,0,-3:30:00,14.29%,1.92,2.67,3.84,5.43,,"685,714.51",7
STEAM_4,1,21:30:00,OXYGEN,1.94,LAVA,3.88,,"700,000",SCREWS,7,,,0,-3:00:00,13.95%,2.17,2.77,4.34,6.13,,"781,395.64",7
STEAM_5,1,19:30:00,OXYGEN,1.92,LAVA,3.85,,"700,000",SCREWS,9,,,0,-2:00:00,10.26%,2.37,3.13,4.73,6.86,,"861,538.46",7
STEAM_6,1,18:00:00,OXYGEN,1.9,LAVA,3.81,,"700,000",SCREWS,12,,,0,-1:30:00,8.33%,2.54,3.6,5.08,7.68,,"933,333.33",7
STEAM_7,1,16:30:00,OXYGEN,1.89,LAVA,3.77,,"700,000",SCREWS,15,,,0,-1:30:00,9.09%,2.74,3.79,5.49,7.68,,"1,018,181.82",7
STEAM_8,1,15:00:00,OXYGEN,1.87,LAVA,3.74,,"700,000",SCREWS,20,,,0,-1:30:00,10%,2.99,3.84,5.98,9.37,,"1,120,000.00",7
STEAM_9,1,13:30:00,OXYGEN,1.85,LAVA,3.7,,"700,000",SCREWS,27,,,0,-1:30:00,11.11%,3.29,4.92,6.58,10.67,,"1,244,444.44",7
STEAM_10,2,23:30:00,OXYGEN,3.67,LAVA,7.34,,"700,000",SCREWS,36,,,1,10:00:00,14.89%,3.75,5.49,7.5,12,,"1,429,786.75",7
STEAM_11,2,19:00:00,OXYGEN,3.64,LAVA,7.27,,"700,000",SCREWS,48,,,0,-4:30:00,23.68%,4.59,6,9.19,12.52,,"1,768,420.31",7
STEAM_12,2,15:00:00,OXYGEN,3.6,LAVA,7.21,,"700,000",SCREWS,65,,,0,-4:00:00,26.67%,5.77,7.27,11.53,15.16,,"2,240,000.00",7
STEAM_13,2,11:30:00,OXYGEN,3.57,LAVA,7.14,,"700,000",SCREWS,87,,,0,-3:30:00,30.43%,7.45,8.57,14.91,16.46,,"2,921,737.10",7
STEAM_14,2,8:00:00,OXYGEN,3.54,LAVA,7.08,,"700,000",SCREWS,118,,,0,-3:30:00,43.75%,10.62,12,21.24,18,,"4,200,004.20",7
STEAM_15,3,8:00:00,OXYGEN,5.22,LAVA,10.43,,"700,000",SCREWS,160,,,1,0:00:00,50%,15.65,18,31.3,24,,"6,300,006.30",7
,,,,,,,,,,,,,,,,,,,,,,
SCREWS_1,1,48:00:00,STEEL,3,,,,"600,000",EARTH,1,,,0,0:00:00,0%,1.5,2,,,,"300,000.00",24
SCREWS_2,1,35:00:00,STEEL,2.98,,,,"600,000",SCREWS,3,,,0,-13:00:00,37.14%,2.04,2.38,,,,"411,428.67",24
SCREWS_3,1,28:00:00,STEEL,2.96,,,,"600,000",SCREWS,5,,,0,-7:00:00,25%,2.54,2.44,,,,"514,285.57",24
SCREWS_4,1,23:00:00,STEEL,2.94,,,,"600,000",SCREWS,7,,,0,-5:00:00,21.74%,3.07,2.5,,,,"626,087.17",24
SCREWS_5,1,19:30:00,STEEL,2.91,,,,"600,000",SCREWS,10,,,0,-3:30:00,17.95%,3.58,2.62,,,,"738,461.54",24
SCREWS_6,1,17:00:00,STEEL,2.88,,,,"600,000",SCREWS,13,,,0,-2:30:00,14.71%,4.07,2.67,,,,"847,059.22",24
SCREWS_7,1,15:00:00,STEEL,2.85,,,,"600,000",SCREWS,18,,,0,-2:00:00,13.33%,4.56,2.71,,,,"960,000.00",24
SCREWS_8,1,13:30:00,STEEL,2.81,,,,"600,000",SCREWS,24,,,0,-1:30:00,11.11%,5,2.74,,,,"1,066,666.67",24
SCREWS_9,1,12:15:00,STEEL,2.77,,,,"600,000",SCREWS,32,,,0,-1:15:00,10.20%,5.42,2.81,,,,"1,175,509.44",24
SCREWS_10,1,11:15:00,STEEL,2.72,,,,"600,000",SCREWS,42,,,0,-1:00:00,8.89%,5.81,2.84,,,,"1,280,000.00",24
SCREWS_11,1,10:20:00,STEEL,2.67,,,,"600,000",SCREWS,55,,,0,-0:55:00,8.87%,6.2,2.88,,,,"1,393,546.95",24
SCREWS_12,1,9:30:00,STEEL,2.61,,,,"600,000",SCREWS,72,,,0,-0:50:00,8.77%,6.59,2.91,,,,"1,515,790.75",24
SCREWS_13,1,8:50:00,STEEL,2.55,,,,"600,000",SCREWS,93,,,0,-0:40:00,7.55%,6.92,2.94,,,,"1,630,186.71",24
SCREWS_14,1,8:20:00,STEEL,2.48,,,,"600,000",SCREWS,120,,,0,-0:30:00,6%,7.13,2.97,,,,"1,728,001.11",24
SCREWS_15,1,8:00:00,STEEL,2.4,,,,"600,000",SCREWS,155,,,0,-0:20:00,4.17%,7.2,3,,,,"1,800,001.80",24
,,,,,,,,,,,,,,,,,,,,,,
FUEL_1,1,56:00:00,GAS,3,,,,"1,650,000",EARTH,1,,,0,0:00:00,0%,1.29,1,,,,"707,142.96",11
FUEL_2,1,46:00:00,GAS,2.97,,,,"1,650,000",SCREWS,8,,,0,-10:00:00,21.74%,1.55,1.45,,,,"860,869.42",11
FUEL_3,1,40:00:00,GAS,2.94,,,,"1,650,000",SCREWS,9,,,0,-6:00:00,15%,1.76,1.45,,,,"989,999.80",11
FUEL_4,1,35:00:00,GAS,2.91,,,,"1,650,000",SCREWS,10,,,0,-5:00:00,14.29%,2,1.6,,,,"1,131,428.83",11
FUEL_5,1,30:00:00,GAS,2.88,,,,"1,650,000",SCREWS,12,,,0,-5:00:00,16.67%,2.31,1.6,,,,"1,320,000.00",11
FUEL_6,1,26:00:00,GAS,2.86,,,,"1,650,000",SCREWS,14,,,0,-4:00:00,15.38%,2.64,1.71,,,,"1,523,077.39",11
FUEL_7,1,23:00:00,GAS,2.83,,,,"1,650,000",SCREWS,17,,,0,-3:00:00,13.04%,2.95,1.85,,,,"1,721,739.73",11
FUEL_8,1,20:00:00,GAS,2.8,,,,"1,650,000",SCREWS,22,,,0,-3:00:00,15%,3.36,2,,,,"1,980,000.79",11
FUEL_9,1,18:00:00,GAS,2.78,,,,"1,650,000",SCREWS,28,,,0,-2:00:00,11.11%,3.7,2,,,,"2,200,000.00",11
FUEL_10,1,16:00:00,GAS,2.75,,,,"1,650,000",SCREWS,37,,,0,-2:00:00,12.50%,4.13,2.4,,,,"2,474,998.76",11
FUEL_11,1,14:00:00,GAS,2.73,,,,"1,650,000",SCREWS,49,,,0,-2:00:00,14.29%,4.68,3,,,,"2,828,573.04",11
FUEL_12,1,12:00:00,GAS,2.7,,,,"1,650,000",SCREWS,66,,,0,-2:00:00,16.67%,5.41,3.69,,,,"3,300,000.00",11
FUEL_13,1,10:30:00,GAS,2.68,,,,"1,650,000",SCREWS,90,,,0,-1:30:00,14.29%,6.12,4.8,,,,"3,771,428.57",11
FUEL_14,1,9:00:00,GAS,2.65,,,,"1,650,000",SCREWS,123,,,0,-1:30:00,16.67%,7.08,6,,,,"4,400,000.00",11
FUEL_15,1,8:00:00,GAS,2.61,,,,"1,650,000",SCREWS,170,,,0,-1:00:00,12.50%,7.83,9,,,,"4,950,004.95",11
,,,,,,,,,,,,,,,,,,,,,,
CEMENT_1,1,64:00:00,CERAMICS,10,STONE,3,,"2,000,000",EARTH,1,,,0,0:00:00,0%,3.75,2.4,1.12,0.86,,"749,999.91",11
CEMENT_2,1,52:00:00,CERAMICS,9.9,STONE,2.97,,"2,000,000",SCREWS,8,,,0,-12:00:00,23.08%,4.57,5.88,1.37,1.26,,"923,076.78",11
CEMENT_3,1,45:00:00,CERAMICS,9.8,STONE,2.94,,"2,000,000",SCREWS,9,,,0,-7:00:00,15.56%,5.23,5.88,1.57,1.26,,"1,066,666.67",11
CEMENT_4,1,39:00:00,CERAMICS,9.71,STONE,2.91,,"2,000,000",SCREWS,10,,,0,-6:00:00,15.38%,5.97,6.55,1.79,1.37,,"1,230,769.23",11
CEMENT_5,1,34:00:00,CERAMICS,9.62,STONE,2.88,,"2,000,000",CERAMICS,53,,,0,-5:00:00,14.71%,6.79,6.62,2.04,1.37,,"1,411,764.37",11
CEMENT_6,1,30:00:00,CERAMICS,9.52,STONE,2.86,,"2,000,000",CERAMICS,63,,,0,-4:00:00,13.33%,7.62,6.62,2.29,1.5,,"1,600,000.00",11
CEMENT_7,1,27:00:00,CERAMICS,9.43,STONE,2.83,,"2,000,000",STONE,26,,,0,-3:00:00,11.11%,8.39,7.38,2.52,1.66,,"1,777,777.78",11
CEMENT_8,1,24:00:00,CERAMICS,9.35,STONE,2.8,,"2,000,000",STONE,33,,,0,-3:00:00,12.50%,9.35,8.17,2.8,1.85,,"2,000,000.00",11
CEMENT_9,1,21:00:00,CERAMICS,9.26,STONE,2.78,,"2,000,000",STONE,42,,,0,-3:00:00,14.29%,10.58,8.93,3.17,1.85,,"2,285,714.29",11
CEMENT_10,1,18:00:00,CERAMICS,9.17,STONE,2.75,,"2,000,000",CEMENT,9,,,0,-3:00:00,16.67%,12.23,9.6,3.67,2.67,,"2,666,666.67",11
CEMENT_11,1,15:00:00,CERAMICS,9.09,STONE,2.73,,"2,000,000",CEMENT,12,,,0,-3:00:00,20%,14.55,10.91,4.36,3.31,,"3,200,000.00",11
CEMENT_12,1,12:30:00,CERAMICS,9.01,STONE,2.7,,"2,000,000",ACID,33,,,0,-2:30:00,20%,17.3,12.31,5.19,3.31,,"3,840,002.46",11
CEMENT_13,1,10:30:00,CERAMICS,8.93,STONE,2.68,,"2,000,000",ACID,45,,,0,-2:00:00,19.05%,20.41,13.71,6.12,4.36,,"4,571,428.57",11
CEMENT_14,1,9:00:00,CERAMICS,8.85,STONE,2.65,,"2,000,000",PLASTICS,7,,,0,-1:30:00,16.67%,23.6,15,7.08,6,,"5,333,333.33",11
CEMENT_15,1,8:00:00,CERAMICS,8.7,STONE,2.61,,"2,000,000",PLASTICS,10,,,0,-1:00:00,12.50%,26.09,18,7.83,9,,"6,000,006.00",11
,,,,,,,,,,,,,,,,,,,,,,
OIL_1,1,96:00:00,FUEL,3,,,,"3,500,000",EARTH,1,,,0,0:00:00,0%,0.75,0.43,,,,"875,000.00",13
OIL_2,1,72:00:00,FUEL,2.97,,,,"3,500,000",SCREWS,10,,,0,-24:00:00,33.33%,0.99,0.69,,,,"1,166,666.67",13
OIL_3,1,56:00:00,FUEL,2.93,,,,"3,500,000",SCREWS,15,,,0,-16:00:00,28.57%,1.25,1.04,,,,"1,500,000.21",13
OIL_4,1,46:00:00,FUEL,2.89,,,,"3,500,000",SCREWS,23,,,0,-10:00:00,21.74%,1.51,1.2,,,,"1,826,086.64",13
OIL_5,1,38:00:00,FUEL,2.85,,,,"3,500,000",SCREWS,33,,,0,-8:00:00,21.05%,1.8,1.5,,,,"2,210,526.78",13
OIL_6,1,32:00:00,FUEL,2.8,,,,"3,500,000",SCREWS,47,,,0,-6:00:00,18.75%,2.1,1.71,,,,"2,625,000.66",13
OIL_7,1,26:00:00,FUEL,2.76,,,,"3,500,000",SCREWS,66,,,0,-6:00:00,23.08%,2.55,2,,,,"3,230,770.22",13
OIL_8,1,20:00:00,FUEL,2.71,,,,"3,500,000",SCREWS,91,,,0,-6:00:00,30%,3.25,2.29,,,,"4,200,001.68",13
OIL_9,1,15:00:00,FUEL,2.66,,,,"3,500,000",SCREWS,127,,,0,-5:00:00,33.33%,4.26,2.67,,,,"5,600,000.00",13
OIL_10,1,10:00:00,FUEL,2.61,,,,"3,500,000",SCREWS,175,,,0,-5:00:00,50%,6.26,3,,,,"8,399,993.28",13
,,,,,,,,,,,,,,,,,,,,,,
ACID_1,1,108:00:00,SCREWS,2,FUEL,2,,"4,000,000",EARTH,1,,,0,0:00:00,0%,0.44,0.5,0.44,0.43,,"888,888.89",13
ACID_2,1,78:00:00,SCREWS,1.98,FUEL,1.98,,"4,000,000",SCREWS,10,,,0,-30:00:00,38.46%,0.61,1.23,0.61,0.69,,"1,230,769.23",13
ACID_3,1,61:00:00,SCREWS,1.95,FUEL,1.95,,"4,000,000",CERAMICS,69,,,0,-17:00:00,27.87%,0.77,1.6,0.77,1.04,,"1,573,770.29",13
ACID_4,1,50:00:00,SCREWS,1.93,FUEL,1.93,,"4,000,000",CERAMICS,102,,,0,-11:00:00,22%,0.92,1.78,0.92,1.2,,"1,920,000.31",13
ACID_5,1,41:00:00,SCREWS,1.9,FUEL,1.9,,"4,000,000",STONE,49,,,0,-9:00:00,21.95%,1.11,1.96,1.11,1.5,,"2,341,463.87",13
ACID_6,1,34:00:00,SCREWS,1.87,FUEL,1.87,,"4,000,000",STONE,70,,,0,-7:00:00,20.59%,1.32,2.32,1.32,1.71,,"2,823,528.75",13
ACID_7,1,27:00:00,SCREWS,1.84,FUEL,1.84,,"4,000,000",CEMENT,16,,,0,-7:00:00,25.93%,1.63,2.53,1.63,2,,"3,555,555.56",13
ACID_8,1,21:00:00,SCREWS,1.81,FUEL,1.81,,"4,000,000",ACID,46,,,0,-6:00:00,28.57%,2.07,2.72,2.07,2.29,,"4,571,428.57",13
ACID_9,1,15:00:00,SCREWS,1.77,FUEL,1.77,,"4,000,000",ACID,63,,,0,-6:00:00,40%,2.84,2.88,2.84,2.67,,"6,400,000.00",13
ACID_10,1,10:00:00,SCREWS,1.74,FUEL,1.74,,"4,000,000",PLASTICS,11,,,0,-5:00:00,50%,4.17,3,4.17,3,,"9,599,992.32",13
,,,,,,,,,,,,,,,,,,,,,,
SULFUR_1,1,120:00:00,STEEL,8,LAVA,10,,"4,500,000",EARTH,1,,,0,0:00:00,0%,1.6,2,2,3,,"900,000.00",13
SULFUR_2,1,84:00:00,STEEL,7.91,LAVA,9.88,,"4,500,000",SCREWS,10,,,0,-36:00:00,42.86%,2.26,2.62,2.82,7.58,,"1,285,714.29",13
SULFUR_3,1,66:00:00,STEEL,7.81,LAVA,9.76,,"4,500,000",GLASS,38,,,0,-18:00:00,27.27%,2.84,2.67,3.55,7.68,,"1,636,363.64",13
SULFUR_4,1,54:00:00,STEEL,7.7,LAVA,9.63,,"4,500,000",GLASS,57,,,0,-12:00:00,22.22%,3.42,2.74,4.28,9.37,,"2,000,000.00",13
SULFUR_5,1,44:00:00,STEEL,7.59,LAVA,9.49,,"4,500,000",GLASS,82,,,0,-10:00:00,22.73%,4.14,2.81,5.18,12,,"2,454,545.90",13
SULFUR_6,1,36:00:00,STEEL,7.48,LAVA,9.35,,"4,500,000",SULFUR,17,,,0,-8:00:00,22.22%,4.98,2.84,6.23,12.52,,"3,000,000.00",13
SULFUR_7,1,28:00:00,STEEL,7.36,LAVA,9.19,,"4,500,000",SULFUR,25,,,0,-8:00:00,28.57%,6.3,2.91,7.88,15.16,,"3,857,141.76",13
SULFUR_8,1,21:00:00,STEEL,7.23,LAVA,9.04,,"4,500,000",SULFUR,34,,,0,-7:00:00,33.33%,8.26,2.94,10.33,16.46,,"5,142,857.14",13
SULFUR_9,1,15:00:00,STEEL,7.1,LAVA,8.87,,"4,500,000",FIBERGLASS,14,,,0,-6:00:00,40%,11.35,3,14.19,24,,"7,200,000.00",13
SULFUR_10,1,10:00:00,STEEL,6.96,LAVA,8.7,,"4,500,000",FIBERGLASS,19,,,0,-5:00:00,50%,16.7,3,20.87,24,,"10,799,991.36",13
,,,,,,,,,,,,,,,,,,,,,,
PLASTICS_1,1,168:00:00,CEMENT,3,ACID,2,,"6,750,000",EARTH,1,,,0,0:00:00,0%,0.43,0.37,0.29,0.22,,"964,285.71",16
PLASTICS_2,1,120:00:00,CEMENT,2.97,ACID,1.98,,"6,750,000",SCREWS,15,,,0,-48:00:00,40%,0.59,0.89,0.4,0.39,,"1,350,000.00",16
PLASTICS_3,1,88:00:00,CEMENT,2.93,ACID,1.95,,"6,750,000",CERAMICS,79,,,0,-32:00:00,36.36%,0.8,0.89,0.53,0.48,,"1,840,908.92",16
PLASTICS_4,1,64:00:00,CEMENT,2.89,ACID,1.93,,"6,750,000",CERAMICS,96,,,0,-24:00:00,37.50%,1.08,1,0.72,0.48,,"2,531,249.68",16
PLASTICS_5,1,48:00:00,CEMENT,2.85,ACID,1.9,,"6,750,000",STONE,41,,,0,-16:00:00,33.33%,1.42,1.14,0.95,0.59,,"3,375,000.00",16
PLASTICS_6,1,36:00:00,CEMENT,2.8,ACID,1.87,,"6,750,000",STONE,56,,,0,-12:00:00,33.33%,1.87,1.33,1.25,0.71,,"4,500,000.00",16
PLASTICS_7,1,28:00:00,CEMENT,2.76,ACID,1.84,,"6,750,000",CEMENT,13,,,0,-8:00:00,28.57%,2.36,1.92,1.58,0.89,,"5,785,712.63",16
PLASTICS_8,1,22:00:00,CEMENT,2.71,ACID,1.81,,"6,750,000",ACID,41,,,0,-6:00:00,27.27%,2.96,2.29,1.97,1.14,,"7,363,633.69",16
PLASTICS_9,1,17:00:00,CEMENT,2.66,ACID,1.77,,"6,750,000",ACID,63,,,0,-5:00:00,29.41%,3.76,3,2.5,1.6,,"9,529,416.25",16
PLASTICS_10,1,12:00:00,CEMENT,2.61,ACID,1.74,,"6,750,000",PLASTICS,12,,,0,-5:00:00,41.67%,5.22,3,3.48,2.4,,"13,500,000.00",16
,,,,,,,,,,,,,,,,,,,,,,
FIBERGLASS_1,1,192:00:00,GLASS,10,SULFUR,2,,"8,000,000",EARTH,1,,,0,0:00:00,0%,1.25,1.33,0.25,0.2,,"1,000,000.00",16
FIBERGLASS_2,1,132:00:00,GLASS,9.88,SULFUR,1.98,,"8,000,000",SCREWS,15,,,0,-60:00:00,45.45%,1.8,3.51,0.36,0.36,,"1,454,545.45",16
FIBERGLASS_3,1,92:00:00,GLASS,9.76,SULFUR,1.95,,"8,000,000",GLASS,44,,,0,-40:00:00,43.48%,2.55,3.51,0.51,0.44,,"2,086,956.70",16
FIBERGLASS_4,1,64:00:00,GLASS,9.63,SULFUR,1.93,,"8,000,000",GLASS,53,,,0,-28:00:00,43.75%,3.61,3.62,0.72,0.44,,"2,999,999.63",16
FIBERGLASS_5,1,48:00:00,GLASS,9.49,SULFUR,1.9,,"8,000,000",GLASS,69,,,0,-16:00:00,33.33%,4.75,4.68,0.95,0.55,,"4,000,000.00",16
FIBERGLASS_6,1,36:00:00,GLASS,9.35,SULFUR,1.87,,"8,000,000",SULFUR,14,,,0,-12:00:00,33.33%,6.23,5.19,1.25,0.67,,"5,333,333.33",16
FIBERGLASS_7,1,28:00:00,GLASS,9.19,SULFUR,1.84,,"8,000,000",SULFUR,20,,,0,-8:00:00,28.57%,7.88,5.71,1.58,0.86,,"6,857,140.90",16
FIBERGLASS_8,1,22:00:00,GLASS,9.04,SULFUR,1.81,,"8,000,000",SULFUR,30,,,0,-6:00:00,27.27%,9.86,8.28,1.97,1.14,,"8,727,269.55",16
FIBERGLASS_9,1,17:00:00,GLASS,8.87,SULFUR,1.77,,"8,000,000",SULFUR,47,,,0,-5:00:00,29.41%,12.52,12,2.5,1.6,,"11,294,122.96",16
FIBERGLASS_10,1,12:00:00,GLASS,8.7,SULFUR,1.74,,"8,000,000",FIBERGLASS,21,,,0,-5:00:00,41.67%,17.39,18,3.48,2.4,,"16,000,000.00",16
,,,,,,,,,,,,,,,,,,,,,,
ENERGY_1,1,216:00:00,OIL,2,HEAT,72,,"9,250,000",EARTH,1,,,0,0:00:00,0%,0.22,0.25,8,9.6,,"1,027,777.78",17
ENERGY_2,1,144:00:00,OIL,1.98,HEAT,71.16,,"9,250,000",SCREWS,15,,,0,-72:00:00,50%,0.33,0.43,11.86,44.14,,"1,541,666.67",17
ENERGY_3,1,96:00:00,OIL,1.95,HEAT,70.27,,"9,250,000",SCREWS,18,,,0,-48:00:00,50%,0.49,0.52,17.57,46.08,,"2,312,500.00",17
ENERGY_4,1,64:00:00,OIL,1.93,HEAT,69.33,,"9,250,000",SCREWS,21,,,0,-32:00:00,50%,0.72,0.52,26,46.08,,"3,468,749.57",17
ENERGY_5,1,48:00:00,OIL,1.9,HEAT,68.34,,"9,250,000",SCREWS,27,,,0,-16:00:00,33.33%,0.95,0.63,34.17,52.17,,"4,625,000.00",17
ENERGY_6,1,36:00:00,OIL,1.87,HEAT,67.3,,"9,250,000",SCREWS,37,,,0,-12:00:00,33.33%,1.25,0.75,44.86,58.71,,"6,166,666.67",17
ENERGY_7,1,28:00:00,OIL,1.84,HEAT,66.2,,"9,250,000",SCREWS,54,,,0,-8:00:00,28.57%,1.58,0.92,56.74,63.94,,"7,928,569.16",17
ENERGY_8,1,22:00:00,OIL,1.81,HEAT,65.06,,"9,250,000",SCREWS,81,,,0,-6:00:00,27.27%,1.97,1.2,70.97,68.18,,"10,090,905.42",17
ENERGY_9,1,17:00:00,OIL,1.77,HEAT,63.86,,"9,250,000",SCREWS,126,,,0,-5:00:00,29.41%,2.5,1.6,90.15,73.47,,"13,058,829.67",17
ENERGY_10,1,12:00:00,OIL,1.74,HEAT,62.61,,"9,250,000",SCREWS,200,,,0,-5:00:00,41.67%,3.48,2.4,125.22,75,,"18,500,000.00",17
,,,,,,,,,,,,,,,,,,,,,,
HYDROGEN_1,1,240:00:00,STEAM,7,ENERGY,2,,"12,500,000",EARTH,1,,,0,0:00:00,0%,0.7,0.75,0.2,0.11,,"1,250,000.00",18
HYDROGEN_2,1,144:00:00,STEAM,6.8,ENERGY,1.94,,"12,500,000",SCREWS,20,,,0,-96:00:00,66.67%,1.13,1.6,0.32,0.37,,"2,083,333.33",18
HYDROGEN_3,1,72:00:00,STEAM,6.6,ENERGY,1.89,,"12,500,000",SCREWS,30,,,0,-72:00:00,100%,2.2,2.04,0.63,0.67,,"4,166,666.67",18
HYDROGEN_4,1,40:00:00,STEAM,6.36,ENERGY,1.82,,"12,500,000",SCREWS,70,,,0,-32:00:00,80%,3.82,4.17,1.09,1.09,,"7,499,998.50",18
HYDROGEN_5,1,24:00:00,STEAM,6.09,ENERGY,1.74,,"12,500,000",SCREWS,200,,,0,-16:00:00,66.67%,6.09,9,1.74,2,,"12,500,000.00",18
,,,,,,,,,,,,,,,,,,,,,,
DYNAMITE_1,1,336:00:00,FIBERGLASS,3,PLASTICS,2,,"20,000,000",EARTH,1,,,0,0:00:00,0%,0.21,0.13,0.14,0.14,,"1,428,571.43",20
DYNAMITE_2,1,192:00:00,FIBERGLASS,2.91,PLASTICS,1.94,,"20,000,000",SCREWS,20,,,0,-144:00:00,75%,0.36,0.37,0.24,0.37,,"2,500,000.00",20
DYNAMITE_3,1,96:00:00,FIBERGLASS,2.83,PLASTICS,1.89,,"20,000,000",SCREWS,30,,,0,-96:00:00,100%,0.71,0.67,0.47,0.67,,"5,000,000.00",20
DYNAMITE_4,1,48:00:00,FIBERGLASS,2.73,PLASTICS,1.82,,"20,000,000",SCREWS,70,,,0,-48:00:00,100%,1.36,1.09,0.91,1.09,,"10,000,000.00",20
DYNAMITE_5,1,24:00:00,FIBERGLASS,2.61,PLASTICS,1.74,,"20,000,000",SCREWS,200,,,0,-24:00:00,100%,2.61,2,1.74,2,,"20,000,000.00",20
